Workbook

Sheet Resumen
B1: Reporte de Gestión
B2: Período: Septiembre 2026
B4: Categoría | C4: Solicitados en el período | D4: Entregados/Cerrados en el período | E4: Promedio de días en cerrar | F4: Abiertos actuales | G4: Cerrados actuales
B5: Proyectos | C5: =COUNTIFS('Proyectos y Rutas'!$B$2:$B$40,"Proyecto") -> 20 | D5: =COUNTIFS('Proyectos y Rutas'!$B$2:$B$40,"Proyecto",'Proyectos y Rutas'!$H$2:$H$40,"<="&DATE(2026,9,30)) -> 2 | E5: =IFERROR(ROUND(AVERAGEIFS('Proyectos y Rutas'!$I$2:$I$40,'Proyectos y Rutas'!$B$2:$B$40,"Proyecto",'Proyectos y Rutas'!$H$2:$H$40,"<="&DATE(2026,9,30)),1),0) -> 2 | F5: =COUNTIFS('Proyectos y Rutas'!$B$2:$B$40,"Proyecto",'Proyectos y Rutas'!$J$2:$J$40,"<>Cerrado") -> 17 | G5: =COUNTIFS('Proyectos y Rutas'!$B$2:$B$40,"Proyecto",'Proyectos y Rutas'!$J$2:$J$40,"Cerrado") -> 3
B6: Rutas y Tiempos | C6: =COUNTIFS('Proyectos y Rutas'!$B$2:$B$40,"Ruta y tiempo") -> 19 | D6: =COUNTIFS('Proyectos y Rutas'!$B$2:$B$40,"Ruta y tiempo",'Proyectos y Rutas'!$H$2:$H$40,"<="&DATE(2026,9,30)) -> 18 | E6: =IFERROR(ROUND(AVERAGEIFS('Proyectos y Rutas'!$I$2:$I$40,'Proyectos y Rutas'!$B$2:$B$40,"Ruta y tiempo",'Proyectos y Rutas'!$H$2:$H$40,"<="&DATE(2026,9,30)),1),0) -> 1.8 | F6: =COUNTIFS('Proyectos y Rutas'!$B$2:$B$40,"Ruta y tiempo",'Proyectos y Rutas'!$J$2:$J$40,"<>Cerrado") -> 1 | G6: =COUNTIFS('Proyectos y Rutas'!$B$2:$B$40,"Ruta y tiempo",'Proyectos y Rutas'!$J$2:$J$40,"Cerrado") -> 18
B7: TOTAL | C7: =SUM(C5:C6) -> 39 | D7: =SUM(D5:D6) -> 20 | E7: =IFERROR(ROUND(AVERAGEIFS('Proyectos y Rutas'!$I$2:$I$40,'Proyectos y Rutas'!$H$2:$H$40,"<="&DATE(2026,9,30)),1),0) -> 1.8 | F7: =SUM(F5:F6) -> 18 | G7: =SUM(G5:G6) -> 21
B9: Estado actual de las solicitudes
B10: Categoría | C10: Cerrado | D10: A tiempo | E10: Suspendido | F10: Vencido
B11: Proyectos | C11: =COUNTIFS('Proyectos y Rutas'!$B$2:$B$40,"Proyecto",'Proyectos y Rutas'!$J$2:$J$40,C$10) -> 3 | D11: =COUNTIFS('Proyectos y Rutas'!$B$2:$B$40,"Proyecto",'Proyectos y Rutas'!$J$2:$J$40,D$10) -> 5 | E11: =COUNTIFS('Proyectos y Rutas'!$B$2:$B$40,"Proyecto",'Proyectos y Rutas'!$J$2:$J$40,E$10) -> 3 | F11: =COUNTIFS('Proyectos y Rutas'!$B$2:$B$40,"Proyecto",'Proyectos y Rutas'!$J$2:$J$40,F$10) -> 9
B12: Rutas y Tiempos | C12: =COUNTIFS('Proyectos y Rutas'!$B$2:$B$40,"Ruta y tiempo",'Proyectos y Rutas'!$J$2:$J$40,C$10) -> 18 | D12: =COUNTIFS('Proyectos y Rutas'!$B$2:$B$40,"Ruta y tiempo",'Proyectos y Rutas'!$J$2:$J$40,D$10) -> 0 | E12: =COUNTIFS('Proyectos y Rutas'!$B$2:$B$40,"Ruta y tiempo",'Proyectos y Rutas'!$J$2:$J$40,E$10) -> 1 | F12: =COUNTIFS('Proyectos y Rutas'!$B$2:$B$40,"Ruta y tiempo",'Proyectos y Rutas'!$J$2:$J$40,F$10) -> 0
B31: “Cerrados en el período” cuenta solo cierres hasta el 30/09/2026. Todas las cifras se calculan desde la hoja “Proyectos y Rutas”.

Sheet Solicitados vs Cerrados
B1: Solicitados vs Cerrados — Septiembre 2026
B2: Solicitudes recibidas y cerradas por semana (según fecha de solicitud y fecha de cierre)
B4: PROYECTOS | I4: RUTAS Y TIEMPOS
B5: Semana | C5: Desde | D5: Hasta | E5: Solicitados | F5: Cerrados | G5: Abiertos (acum.) | I5: Semana | J5: Desde | K5: Hasta | L5: Solicitados | M5: Cerrados | N5: Abiertos (acum.)
B6: Sem 1 (1–7 sep) | C6: 46266 | D6: 46272 | E6: =COUNTIFS('Proyectos y Rutas'!$B$2:$B$40,"Proyecto",'Proyectos y Rutas'!$G$2:$G$40,">="&C6,'Proyectos y Rutas'!$G$2:$G$40,"<="&D6) -> 8 | F6: =COUNTIFS('Proyectos y Rutas'!$B$2:$B$40,"Proyecto",'Proyectos y Rutas'!$H$2:$H$40,">="&C6,'Proyectos y Rutas'!$H$2:$H$40,"<="&D6) -> 0 | G6: =E6-F6 -> 8 | I6: Sem 1 (1–7 sep) | J6: 46266 | K6: 46272 | L6: =COUNTIFS('Proyectos y Rutas'!$B$2:$B$40,"Ruta y tiempo",'Proyectos y Rutas'!$G$2:$G$40,">="&J6,'Proyectos y Rutas'!$G$2:$G$40,"<="&K6) -> 8 | M6: =COUNTIFS('Proyectos y Rutas'!$B$2:$B$40,"Ruta y tiempo",'Proyectos y Rutas'!$H$2:$H$40,">="&J6,'Proyectos y Rutas'!$H$2:$H$40,"<="&K6) -> 7 | N6: =L6-M6 -> 1
B7: Sem 2 (8–14 sep) | C7: 46273 | D7: 46279 | E7: =COUNTIFS('Proyectos y Rutas'!$B$2:$B$40,"Proyecto",'Proyectos y Rutas'!$G$2:$G$40,">="&C7,'Proyectos y Rutas'!$G$2:$G$40,"<="&D7) -> 4 | F7: =COUNTIFS('Proyectos y Rutas'!$B$2:$B$40,"Proyecto",'Proyectos y Rutas'!$H$2:$H$40,">="&C7,'Proyectos y Rutas'!$H$2:$H$40,"<="&D7) -> 2 | G7: =G6+E7-F7 -> 10 | I7: Sem 2 (8–14 sep) | J7: 46273 | K7: 46279 | L7: =COUNTIFS('Proyectos y Rutas'!$B$2:$B$40,"Ruta y tiempo",'Proyectos y Rutas'!$G$2:$G$40,">="&J7,'Proyectos y Rutas'!$G$2:$G$40,"<="&K7) -> 2 | M7: =COUNTIFS('Proyectos y Rutas'!$B$2:$B$40,"Ruta y tiempo",'Proyectos y Rutas'!$H$2:$H$40,">="&J7,'Proyectos y Rutas'!$H$2:$H$40,"<="&K7) -> 1 | N7: =N6+L7-M7 -> 2
B8: Sem 3 (15–21 sep) | C8: 46280 | D8: 46286 | E8: =COUNTIFS('Proyectos y Rutas'!$B$2:$B$40,"Proyecto",'Proyectos y Rutas'!$G$2:$G$40,">="&C8,'Proyectos y Rutas'!$G$2:$G$40,"<="&D8) -> 0 | F8: =COUNTIFS('Proyectos y Rutas'!$B$2:$B$40,"Proyecto",'Proyectos y Rutas'!$H$2:$H$40,">="&C8,'Proyectos y Rutas'!$H$2:$H$40,"<="&D8) -> 0 | G8: =G7+E8-F8 -> 10 | I8: Sem 3 (15–21 sep) | J8: 46280 | K8: 46286 | L8: =COUNTIFS('Proyectos y Rutas'!$B$2:$B$40,"Ruta y tiempo",'Proyectos y Rutas'!$G$2:$G$40,">="&J8,'Proyectos y Rutas'!$G$2:$G$40,"<="&K8) -> 5 | M8: =COUNTIFS('Proyectos y Rutas'!$B$2:$B$40,"Ruta y tiempo",'Proyectos y Rutas'!$H$2:$H$40,">="&J8,'Proyectos y Rutas'!$H$2:$H$40,"<="&K8) -> 1 | N8: =N7+L8-M8 -> 6
B9: Sem 4 (22–28 sep) | C9: 46287 | D9: 46293 | E9: =COUNTIFS('Proyectos y Rutas'!$B$2:$B$40,"Proyecto",'Proyectos y Rutas'!$G$2:$G$40,">="&C9,'Proyectos y Rutas'!$G$2:$G$40,"<="&D9) -> 7 | F9: =COUNTIFS('Proyectos y Rutas'!$B$2:$B$40,"Proyecto",'Proyectos y Rutas'!$H$2:$H$40,">="&C9,'Proyectos y Rutas'!$H$2:$H$40,"<="&D9) -> 0 | G9: =G8+E9-F9 -> 17 | I9: Sem 4 (22–28 sep) | J9: 46287 | K9: 46293 | L9: =COUNTIFS('Proyectos y Rutas'!$B$2:$B$40,"Ruta y tiempo",'Proyectos y Rutas'!$G$2:$G$40,">="&J9,'Proyectos y Rutas'!$G$2:$G$40,"<="&K9) -> 4 | M9: =COUNTIFS('Proyectos y Rutas'!$B$2:$B$40,"Ruta y tiempo",'Proyectos y Rutas'!$H$2:$H$40,">="&J9,'Proyectos y Rutas'!$H$2:$H$40,"<="&K9) -> 9 | N9: =N8+L9-M9 -> 1
B10: Sem 5 (29–30 sep) | C10: 46294 | D10: 46295 | E10: =COUNTIFS('Proyectos y Rutas'!$B$2:$B$40,"Proyecto",'Proyectos y Rutas'!$G$2:$G$40,">="&C10,'Proyectos y Rutas'!$G$2:$G$40,"<="&D10) -> 1 | F10: =COUNTIFS('Proyectos y Rutas'!$B$2:$B$40,"Proyecto",'Proyectos y Rutas'!$H$2:$H$40,">="&C10,'Proyectos y Rutas'!$H$2:$H$40,"<="&D10) -> 0 | G10: =G9+E10-F10 -> 18 | I10: Sem 5 (29–30 sep) | J10: 46294 | K10: 46295 | L10: =COUNTIFS('Proyectos y Rutas'!$B$2:$B$40,"Ruta y tiempo",'Proyectos y Rutas'!$G$2:$G$40,">="&J10,'Proyectos y Rutas'!$G$2:$G$40,"<="&K10) -> 0 | M10: =COUNTIFS('Proyectos y Rutas'!$B$2:$B$40,"Ruta y tiempo",'Proyectos y Rutas'!$H$2:$H$40,">="&J10,'Proyectos y Rutas'!$H$2:$H$40,"<="&K10) -> 0 | N10: =N9+L10-M10 -> 1
B11: TOTAL SEPTIEMBRE | E11: =SUM(E6:E10) -> 20 | F11: =SUM(F6:F10) -> 2 | G11: =E11-F11 -> 18 | I11: TOTAL SEPTIEMBRE | L11: =SUM(L6:L10) -> 19 | M11: =SUM(M6:M10) -> 18 | N11: =L11-M11 -> 1
B33: Cerrados cuenta las solicitudes cuya fecha de cierre cae en esa semana (hasta el 30/09). Abiertos (acum.) = solicitudes pendientes al final de la semana.

Sheet Carga por Colaborador
B1: Carga de trabajo y cierres por colaborador — Septiembre 2026
B4: Colaborador | C4: Carga total | D4: Carga actual | E4: Cerradas en el período | F4: Vencidas | G4: Suspendidas
B5: Carlos Martinez | C5: 39 | D5: 9 | E5: 22 | F5: 7 | G5: 6
B6: Edwin Meza | C6: 18 | D6: 14 | E6: 3 | F6: 9 | G6: 0
B7: Henry Candelario | C7: 12 | D7: 10 | E7: 2 | F7: 8 | G7: 0
B8: TOTAL | C8: =SUM(C5:C7) -> 69 | D8: =SUM(D5:D7) -> 33 | E8: =SUM(E5:E7) -> 27 | F8: =SUM(F5:F7) -> 24 | G8: =SUM(G5:G7) -> 6
B30: Carga total incluye trabajo previo al período; los datos vienen del reporte original.

Sheet Proyectos y Rutas
A1: Nombre | B1: Categoría | C1: RS | D1: Cliente | E1: Solicitado por | F1: Responsable | G1: Fecha solicitud | H1: Fecha cierre | I1: Días en cerrar | J1: Estado | K1: Prioridad
A2: PRUEBA BANDA LIJA PROOVEDOR VSM | B2: Proyecto | D2: Relianz | E2: Juan Lujan | F2: Carlos Martinez | G2: 46295 | J2: A tiempo | K2: Media
A3: Seguimiento bandas VSM | B3: Proyecto | E3: Juan Lujan | F3: Carlos Martinez | G3: 46293 | H3: 46296 | I3: 3 | J3: Cerrado | K3: Media
A4: Definición y estandarización de criterios de reparación para alojamientos de válvulas en pistones levante e inclinacion | B4: Proyecto | D4: Relianz | E4: Juan Lujan | F4: Edwin Meza | G4: 46290 | J4: A tiempo | K4: Media
A5: STOCK TORNILLOS AREA INGENIERIA | B5: Proyecto | D5: Relianz | E5: Carlos Martinez | F5: Carlos Martinez | G5: 46288 | J5: Vencido | K5: Media
A6: SUPERFINISHER | B6: Proyecto | D6: Relianz | E6: Edwin Meza | F6: Carlos Martinez | G6: 46288 | J6: Vencido | K6: Media
A7: Guardas protectoras | B7: Proyecto | D7: Relianz | E7: Juan Lujan | F7: Carlos Martinez | G7: 46288 | J7: Vencido | K7: Media
A8: HUNGER3500 Raw Material Tension Cylinder | B8: Ruta y tiempo | C8: RS00081109 | D8: Zona Franca Argos | E8: Johana Miranda | F8: Edwin Meza | G8: 46288 | H8: 46288 | I8: 0 | J8: Cerrado | K8: Media
A9: FABRICACION DE VASTAGO CATERPILLAR | B9: Ruta y tiempo | C9: RS00067716 | D9: Relianz | E9: Ricardo Castilla | F9: Edwin Meza | G9: 46288 | H9: 46288 | I9: 0 | J9: Cerrado | K9: Media
A10: PRUEBA RECTIFICADO CONO GRINDER | B10: Proyecto | D10: Relianz | E10: Carlos Lopez | F10: Edwin Meza | G10: 46288 | J10: A tiempo | K10: Media
A11: Cilindro Hidráulico Gato Principal | B11: Ruta y tiempo | C11: RS00081361 | D11: CARBONES DEL CERREJON | E11: Ricardo Castilla | F11: Edwin Meza | G11: 46287 | H11: 46287 | I11: 0 | J11: Cerrado | K11: Media
A12: Cilindro Hidráulico Gato Principal | B12: Ruta y tiempo | C12: RS00081360 | D12: CARBONES DEL CERREJON | E12: Ricardo Castilla | F12: Edwin Meza | G12: 46287 | H12: 46287 | I12: 0 | J12: Cerrado | K12: Media
A13: RECUPERACIÓN RODILLO GALVANIZADO | B13: Proyecto | C13: OP00088201 | D13: CORPACERO | E13: Alfredo Granados | F13: Edwin Meza | G13: 46287 | J13: Vencido | K13: Media
A14: Junta de Nylon Bipartida | B14: Ruta y tiempo | C14: OP00088854 | E14: Alfredo Granados | F14: Edwin Meza | G14: 46286 | H14: 46287 | I14: 1 | J14: Cerrado | K14: Media
A15: HIDRAULICO DE TALLER HWE | B15: Ruta y tiempo | C15: RS00066229 | D15: HWE | E15: Yenifer Ramirez | F15: Edwin Meza | G15: 46286 | H15: 46291 | I15: 5 | J15: Cerrado | K15: Media
A16: Barra Estabilizadora | B16: Ruta y tiempo | C16: RS00080540 | D16: Cerrjon | E16: Johana Miranda | F16: Edwin Meza | G16: 46286 | H16: 46287 | I16: 1 | J16: Cerrado | K16: Media
A17: Camisa de Balde | B17: Ruta y tiempo | C17: RS00080597 | D17: Maritime And Port Engineering Sa (Mapesa) | E17: Yenifer Ramirez | F17: Edwin Meza | G17: 46286 | H17: 46288 | I17: 2 | J17: Cerrado | K17: Media
A18: Cilindro Levante Segunda Seccion | B18: Ruta y tiempo | C18: RS00080478 | D18: Machine Shop | E18: Yenifer Ramirez | F18: Edwin Meza | G18: 46286 | H18: 46286 | I18: 0 | J18: Cerrado | K18: Media
A19: Cilindro Hidráulico Sideshifter | B19: Ruta y tiempo | C19: RS00080259 | D19: ASSEMBLY SDI | E19: Johana Miranda | F19: Edwin Meza | G19: 46276 | H19: 46287 | I19: 11 | J19: Cerrado | K19: Media
A20: Pull Down | B20: Proyecto | C20: RS00080348 | D20: Petroworks S.A.S | E20: Yesid Fren | F20: Carlos Martinez | G20: 46276 | J20: Suspendido | K20: Alta
A21: LOW BOY ( MAIN LIFT) | B21: Ruta y tiempo | C21: RS00079955 | D21: Drummond | E21: Ricardo Castilla | F21: Edwin Meza | G21: 46276 | H21: 46276 | I21: 0 | J21: Cerrado | K21: Media
A22: DISPOSITIVO AGUJAS DEVAP | B22: Proyecto | D22: Relianz | E22: Carlos Ovallos | F22: Carlos Martinez | G22: 46275 | J22: Vencido | K22: Media
A23: PRUEBA BANDA LIJA 180 POLICHADO | B23: Proyecto | D23: Relianz | E23: Juan Lujan | F23: Carlos Martinez | G23: 46274 | H23: 46275 | I23: 1 | J23: Cerrado | K23: Media
A24: Optimización de Parámetros de Roscado con Machuelo en Máquinas CNC | B24: Proyecto | D24: Relianz | E24: Edwin Meza | F24: Henry Candelario | G24: 46274 | J24: Vencido | K24: Media
A25: FALCON 1000 1ER ETAPA | B25: Proyecto | C25: RS00076606 Y RS00076627 | D25: Relianz | E25: Alberto suarez | F25: Carlos Martinez | G25: 46272 | H25: 46275 | I25: 3 | J25: Cerrado | K25: Alta
A26: Cilindro Levante Manipulador | B26: Ruta y tiempo | C26: RS00079091 | D26: Petroworks S.A.S | E26: Johana Miranda | F26: Edwin Meza | G26: 46272 | H26: 46272 | I26: 0 | J26: Cerrado | K26: Media
A27: Front Leveling Cylinder | B27: Ruta y tiempo | C27: RS00080531 | D27: Cerrjon | E27: Luisa Olmos | F27: Edwin Meza | G27: 46269 | H27: 46272 | I27: 3 | J27: Cerrado | K27: Media
A28: Pines Blade 854 | B28: Ruta y tiempo | C28: RS00080800 | D28: Relianz | E28: Yenifer Ramirez | F28: Edwin Meza | G28: 46269 | H28: 46272 | I28: 3 | J28: Cerrado | K28: Media
A29: Cromar varios vastagos | B29: Proyecto | D29: Relianz | E29: Juan Lujan | F29: Edwin Meza | G29: 46269 | J29: A tiempo | K29: Media
A30: Mejoramiento del cromado para rotores | B30: Proyecto | D30: Relianz | E30: Juan Lujan | F30: Edwin Meza | G30: 46268 | J30: A tiempo | K30: Media
A31: Instalar Mandriles en el centro punto de los torno convencionales | B31: Proyecto | D31: Relianz | E31: Edwin Meza | F31: Henry Candelario | G31: 46268 | J31: Suspendido | K31: Media
A32: PUNTO FIJO GRANALLADO | B32: Proyecto | D32: Relianz | E32: Juan Lujan | F32: Carlos Martinez | G32: 46268 | J32: Vencido | K32: Media
A33: Escuadra Para Alesadoras CNC | B33: Proyecto | D33: Relianz | E33: Edwin Meza | F33: Henry Candelario | G33: 46268 | J33: Vencido | K33: Media
A34: vástago servomotor | B34: Ruta y tiempo | C34: OP00081196 | D34: EPM | E34: Jaison Sierra | F34: Edwin Meza | G34: 46268 | H34: 46272 | I34: 4 | J34: Cerrado | K34: Alta
A35: PIN CARGADOR VOLVO | B35: Ruta y tiempo | C35: RS00080260 / RS00080272 | D35: Compañia De Puertos Asociados S.A. | E35: Jaison Sierra | F35: Edwin Meza | G35: 46268 | H35: 46268 | I35: 0 | J35: Cerrado | K35: Alta
A36: PUNTO FIJO GRINDER | B36: Proyecto | D36: Relianz | E36: Juan Lujan | F36: Carlos Martinez | G36: 46268 | J36: Vencido | K36: Media
A37: Cilindro Hidráulico | B37: Ruta y tiempo | C37: RS00067779 | D37: ASSEMBLY SDI | E37: Johana Miranda | F37: Edwin Meza | G37: 46267 | H37: 46268 | I37: 1 | J37: Cerrado | K37: Media
A38: Correción Soldadura viajeros | B38: Proyecto | D38: Relianz | E38: Juan Lujan | F38: Carlos Martinez | G38: 46267 | J38: Suspendido | K38: Media
A39: Fabricación de vástago servomotor | B39: Ruta y tiempo | C39: OP00081196 | D39: Hunan Heye Metal Material Co | E39: Yesid Fren | F39: Edwin Meza | G39: 46267 | H39: 46268 | I39: 1 | J39: Cerrado | K39: Media
A40: Cilindro Proping | B40: Ruta y tiempo | C40: RS00077546 | D40: Sociedad Portuaria Puerto Bahía S.A | E40: Johana Miranda | F40: Edwin Meza | G40: 46267 | J40: Suspendido | K40: Media
